epoch,loss,mean_absolute_percentage_error,val_loss,val_mean_absolute_percentage_error
1,5.81676075294358e+17,88.68306970054225,1.2820864887483568e+17,42.27354294858769
2,1.0076047983576282e+16,5.581497694831145,6657474752552.878,0.24007451599705482
3,6734381789451.318,0.24078061133309414,6710265142789.109,0.24003808143847954
4,6724212434720.66,0.24049429817576157,6649231380700.742,0.2406615315083258
5,6735066421057.428,0.24081124913065058,6659165684954.698,0.2400374182327065
6,6734700455229.764,0.24080413568647285,6663757371003.656,0.23998617275270398
7,6737648059540.749,0.24088254167531667,6668273381678.499,0.23997391477792324
8,6734057522731.763,0.24076541829736609,6691723837897.836,0.23998194004961115
9,6745867934443.628,0.24077465475860396,6666701573579.88,0.23997690452786977
10,6739251133346.438,0.2407568356802589,6680780914459.082,0.24229267263364887
11,6739042080184.212,0.2409061421971572,6666125165492.375,0.2399780349936076
12,6732187669778.647,0.2406775680466702,6695338666568.559,0.24287429889162143
13,6744603039863.862,0.24103058666931956,6661506691570.715,0.24000211372346936
14,6742788767067.944,0.2409337305081518,6654712770927.904,0.2401445342038206
15,6740095614624.175,0.2408494427015907,6650434548406.93,0.2403253076557152
16,6752766840233.553,0.24082404408956828,6651572051395.705,0.24026033758165355
17,6758228350537.081,0.24137349054060483,6686364304341.078,0.23997304212309406
18,6752737683198.168,0.2410281506463101,6728045570796.072,0.2401144800190916
19,6765147855657.715,0.24117744069350394,6649800235273.709,0.2407322763920782
20,6791705956353.725,0.2419734663461384,6649432640317.828,0.24040869413735624
21,6752460764872.704,0.24114196810596866,6649595153900.583,0.24039128654731248
22,6768036076350.41,0.24143419369270927,6676797621205.078,0.24213409260242524
23,6075964135488.674,0.22419079757364171,3052192805918.6587,0.1638412221582112
24,2164015092851.9814,0.13126009980628364,1564031426543.6487,0.11446919903426828
25,1096054886836.3318,0.09190796672984174,682577978537.6447,0.0738415376035991
26,727526521438.208,0.0734577376089598,640211872263.1537,0.07161421349603021
27,587423539603.5638,0.06417827464718567,465209068349.82837,0.05930228235419401
28,486077502890.41516,0.05754490456141924,363424376108.4551,0.052888594233168815
29,412750641351.19495,0.05271528868926199,286245645330.3952,0.0460565092335799
30,384067034463.3937,0.05150505781173706,330900697521.3094,0.049686080621864026
31,276811700502.528,0.04268629880955345,270835937974.93015,0.048933768752746715
32,247329988542.464,0.04045307326159979,188556661349.17365,0.039069177794777706
33,209149376352.4716,0.03749333834020715,166666627820.07187,0.038168914831743506
34,193069247779.0316,0.034918960315616504,131456053190.77046,0.03221550244771078
35,187781868014.10693,0.035048952239124395,170209064081.11777,0.03706740434774144
36,185063658218.76547,0.03436561384248106,128587671057.37326,0.028979807460082028
37,145829839679.27243,0.029648375825662363,109607286125.86028,0.02844598987502252
38,138462868928.83536,0.029331005588173868,109124018143.29741,0.030506127835539524
39,128947759832.65685,0.02765905586826174,142014995662.43512,0.03364709617863753
40,120084116847.77768,0.027008860799042803,78725196466.84232,0.02350351744574939
41,102768004759.552,0.023537439731390854,99605843714.55489,0.02557167807917395
42,119731794478.78062,0.025847544783040098,74274487387.97604,0.023885857596428334
43,119227044381.53432,0.02681859745320521,93454789241.61278,0.025796259368608097
44,100646168911.44084,0.024450729322276616,63857715383.952095,0.021112166281915947
45,88493037682.688,0.023008113986567446,90744533408.95808,0.02693454482166948
46,88981767841.03748,0.022548386863972012,313353489050.31537,0.044812439727093166
47,113019215745.67073,0.026131582551880885,70687895854.49901,0.02286696271178965
48,97516532641.57642,0.02376991745359019,294024536145.7565,0.05033343352243572
49,94323602475.54695,0.024538574926163022,105153264192.38324,0.02793917958132045
50,89849201723.06863,0.023431199232214376,70981821192.68663,0.023143340578812087
51,76551263082.38821,0.02163876030750965,43170366940.23154,0.0173879743120568
52,57550325836.74611,0.018296521222905107,83060615147.56088,0.026975531194232658
53,78247434549.57137,0.0232648429690223,79874289328.7984,0.025107278211596244
54,57418787350.63579,0.01885942966843906,48987102896.7984,0.018114319435523416
55,138660006413.15033,0.026843807573381222,337678392510.08386,0.056585155970262674
56,113347599775.20505,0.025976711015167988,54864259247.77644,0.020643957751150615
57,66292859852.69221,0.019754954717661206,91920285189.10979,0.027894364331594246
58,47203484708.64842,0.018192431433420433,69512426036.11977,0.025018778861966913
59,44784366702.37642,0.018247672112756654,33394372632.526947,0.015529241643385022
60,35472973842.97095,0.016113349423596733,41286586936.20759,0.017739205769897102
61,31247591749.093052,0.015132052753316728,39893318980.98203,0.017192570494484163
62,31644904894.24842,0.015178881380903094,36211392683.68862,0.01656331380498326
63,27604035507.253895,0.014173306355350896,41279874193.11777,0.0177392485605445
64,27228714769.138527,0.014020050164900329,32618991419.78443,0.01518059449973042
65,31729585844.870735,0.015416928514838219,35986045508.471054,0.0161519307594843
66,27187743923.792843,0.013940028607061035,37126655628.00798,0.017470003786067407
67,60803895765.09979,0.01907258560469276,316327538369.1497,0.052432473049965685
68,78862429643.18315,0.023037144106861793,50769084211.60878,0.01926847487063465
69,28985208541.39958,0.0142990464128946,40945964438.738525,0.01762172441461129
70,23520337751.417263,0.013338822798509347,31566788195.12974,0.014887761343233361
71,24709558600.542316,0.01359135987217489,24756035291.72056,0.01317804431293658
72,20751396431.117474,0.012344758153746003,36887047766.866264,0.016455252652991557
73,21135391002.40842,0.01262335411890557,33927681312.191616,0.015545541874157217
74,23823498002.86316,0.013545216106662625,36684038659.065865,0.016901054079393428
75,20086364156.11958,0.012158791171877008,25796613647.32934,0.013477574896342503
76,20588439247.602528,0.012417412621018134,38420486773.52495,0.017836507792750044
77,22965851166.61221,0.013188438885698194,31501473084.80639,0.015499972498523975
78,24618261767.437473,0.013694550040913255,26771765566.8503,0.014123139798849405
79,19305369206.784,0.012006929545026076,26233260833.213573,0.014019286148473174
80,25982926924.746105,0.014212671554794437,23948210118.77046,0.012788902553627472
81,20550177140.089264,0.012435864147779188,25041341887.616768,0.013934316992863804
82,18102201538.021053,0.011686810796982364,23028961421.02994,0.012897169555792076
83,14968802025.040842,0.010733419768904386,31238545910.802395,0.015694893963501124
84,20576251371.951157,0.012689383222868568,22324989510.51497,0.0128039600506068
85,59925945136.61305,0.016288049029676538,138011263548.2954,0.03346709319633876
86,59608590364.45642,0.016838477193524964,37049947759.39321,0.017556740961849927
87,20338753555.833263,0.011837190807257827,22522169072.15968,0.012448130835390495
88,13082209026.910316,0.00957972201430484,24075277117.828342,0.013438916727974861
89,12563404219.661474,0.009730869644958721,22240344043.56088,0.013076492438386537
90,13332929619.86021,0.01018560283474232,24006367493.620758,0.013442394375696987
91,11783256616.96,0.00928471322318441,21589841488.73453,0.011838728076817389
92,11901598505.714527,0.009382763112061902,22089287774.01996,0.01192658550539119
93,22349066435.314526,0.013266463829106406,23051458008.14371,0.012425047858523395
94,12718220732.30821,0.009822749115526675,20557206803.928143,0.011579248107999504
95,9668696904.757895,0.008372754754596635,21126757651.928143,0.012427267867573602
96,11277779698.526316,0.00923990716275416,27072095581.508984,0.01415823193493777
97,13431089621.962105,0.010128346825508694,24888756283.273453,0.013621085633834204
98,22855238491.082104,0.012491259672531957,31017751517.253494,0.015733329233473647
99,13706643333.12,0.010086332400770564,35105714388.566864,0.016471169598980578
100,13546786512.033684,0.010190855613272442,20827774268.80639,0.011677088316329225
101,11880288431.265684,0.009245503509319143,22387028597.524952,0.012030854443842899
102,11397829760.91621,0.009225044160689179,26946970100.758484,0.014251773708505545
103,12302742990.201263,0.00969607834302281,16838889394.331337,0.010407056572090486
104,8052775142.561685,0.007815307849724042,22713816478.914173,0.012435812443613768
105,10265585644.597895,0.008993686030961965,27937550000.798405,0.014992650354768107
106,9062594247.841684,0.008412284549129637,23998994947.06587,0.013414312793525632
107,12682484761.869474,0.009696755259052703,18285511079.08982,0.010853846628077611
108,9925117768.542316,0.008877845979050586,16808910807.121756,0.010598024792091813
109,15600815322.812632,0.01091142861525479,20909538322.39521,0.011938956551283538
110,8586038354.027789,0.007956076034785885,25746981550.75449,0.013635464064672798
111,9132913224.865685,0.008335860910972482,21665725666.874252,0.012361029871254267
112,7504622950.292211,0.007530974203426587,28741402133.46108,0.014375631487417126
113,7663825295.252211,0.007608611548809628,19599103088.41517,0.011841838664473768
114,8229817521.852632,0.007954137883296138,18956993760.830338,0.011091493849016117
115,10548679036.065683,0.009048740945168231,21457057992.303394,0.012352842233420726
116,9155478188.894316,0.00832676914549972,17340980436.566868,0.010375868192615505
117,14873585519.346527,0.010591821150756195,19974265287.792416,0.011792937578064596
118,8732228282.044632,0.008118370965907448,21402943990.802395,0.012098696887745947
119,7455311150.026105,0.007557151950307582,17166134335.361277,0.010685894439394722
120,8600925282.735157,0.008178900953970458,16441987832.33533,0.010253212944476191
121,6405230217.862737,0.007031818381853794,18457077506.55489,0.010807328758958333
122,6290023741.54779,0.00690518350565904,17233556649.64471,0.010661070891274901
123,6267910263.2151575,0.006998324070517954,16972966991.712574,0.010845364582633781
124,6788780358.386526,0.0072772795816785415,17777947770.63473,0.01120056905142383
125,6482251371.789474,0.007149669327037899,18120006729.580837,0.011306976410606783
126,7339238669.904842,0.007571577451142826,21747820691.16168,0.012977058547521066
127,7573901687.538527,0.007593811019078681,20371653049.48503,0.01174562430183985
128,9351180050.000843,0.00871341183585556,17455621246.722553,0.010391947008416563
129,7233911442.162526,0.007560925257245177,18080653700.343315,0.010938736952157196
130,6605245263.872,0.007175268419871205,20733793895.217564,0.012895682315433216
131,5664385998.416842,0.006676329709981617,17180552339.16168,0.01115316909713719
132,5998608772.904421,0.006763378971109265,15326368661.716566,0.010222611307517854
133,5175113740.934737,0.006373415069360482,20357710388.11976,0.011914296293196206
134,8117330377.781895,0.00792489580535575,16680576966.770458,0.010053584930262047
135,5668226561.724631,0.006597649532321253,16207754475.0499,0.010328338245402077
136,5182740769.522527,0.006354991977544207,16462033758.530937,0.01027034369749045
137,4766367583.178105,0.006122489281194775,20227901607.6008,0.012461564981354449
138,6806872167.262316,0.007415964867919684,17138985193.005987,0.010964951446343086
139,5953449688.872421,0.006917085877766735,15572190712.846308,0.009883870675550131
140,5601727539.523369,0.006658406473304096,16641873480.558882,0.010559753297331805
141,5162728149.315369,0.006349183287961703,16298155774.467066,0.010633304477213862
142,4830206082.425263,0.006215358410618807,16483667266.938124,0.010944900285088254
143,5709087943.087158,0.006760617658691971,15572780295.66467,0.010079231144797184
144,4848592033.468632,0.0061307355181167,14590645544.367266,0.009802281484751407
145,6301986475.8164215,0.006963469788824257,22084444838.578842,0.012559820836532615
146,4845098628.581053,0.0061039037375073685,15154782461.44511,0.01018782402249332
147,4722858948.931369,0.006037775387497325,23871794325.20559,0.013399197199491565
148,5024641955.301053,0.006243266035459543,19410116037.748505,0.01169632183399029
149,4380304604.645053,0.005826854431903676,18687519701.077843,0.011648792585733527
150,4286432132.6888423,0.005789482056702438,14234070471.792416,0.009522358357103284
151,4692729129.660631,0.0061420719292210905,14765834865.437126,0.009958644585308438
152,3951194593.1722107,0.0056268442016290995,15290606215.92016,0.009989687310394174
153,6781059323.149474,0.007184432413429022,17856287120.606785,0.011459885598225389
154,3348580610.910316,0.0051781700202508975,14357309284.662674,0.009612728601801181
155,4764794625.509052,0.006041882269672658,15794403166.530937,0.010115134252789254
156,3368282827.021474,0.005190840596823316,14920267816.878244,0.009650977802446146
157,4012857139.415579,0.0055955911710074075,16565320211.417166,0.011029499737237266
158,4889375373.20421,0.00622486371429343,17506306041.868263,0.010507836699961665
159,6213935557.578105,0.006778029791226513,17804869161.9002,0.011099122788110179
160,4727915336.272842,0.005853496423873462,15577775155.097805,0.010324523390127632
161,3691015259.082105,0.005398871632979104,15444464458.091816,0.010114716291576327
162,2918059538.755368,0.004803113897576144,13920715696.287426,0.009612418566189126
163,2731321172.2913685,0.0046259697154164316,15440678611.54491,0.010137870667981887
164,2938336914.4858947,0.004828313895942349,14800667427.257484,0.00963162067727355
165,3026114227.6850524,0.0049057105013022295,15121991213.988024,0.010109731343810905
166,4051877300.1162105,0.005739511190668533,16551920180.11976,0.010388934107389516
167,3980166295.2286315,0.005647558494225929,14398840308.758484,0.009508059374958336
168,3530665746.6475787,0.005278364071328389,17368127218.203594,0.0107421242908952
169,5159538184.299789,0.006360694339596911,14886408903.281437,0.009693578935921668
170,3497883774.329263,0.005291204722500161,17323669213.764473,0.01109127810935001
171,2572170624.215579,0.004512900970288013,15869677251.193613,0.009978172425069138
172,2612086910.4370527,0.004593969822518135,15161631999.489021,0.009869873395446175
173,2843024109.783579,0.004672991937320483,15541198467.832335,0.009770972661659152
174,3093694912.296421,0.004936294341753972,15164884335.904192,0.010049281883501482
175,3785551693.3928423,0.005495181584240574,17203625562.95409,0.011278721751150732
176,3971508320.848842,0.005646506447933222,15068477333.716566,0.010046460227055583
177,3562600058.7722106,0.005337048549989337,15727015649.852295,0.0103569606545859
178,3308265775.5351577,0.005065376779750773,16027072426.15569,0.01042431432887644
179,3527074351.2117896,0.005344084786741357,14440519260.998005,0.009574834694212187
180,2334945354.9136844,0.004240532170000829,14096355064.33533,0.0097018129465555
181,2563044917.409684,0.004499271770351027,14274628499.672655,0.00968068367996794
182,2333821606.4269476,0.004309500102541949,14585883560.111776,0.009840930562964575
183,2957871032.6433682,0.004854753305057162,14478406600.814371,0.009862943544998734
184,2583049563.944421,0.004529875656099696,15177860326.962076,0.0098418881001319
185,3372480936.6905265,0.005099154226579948,13834991519.936129,0.009154245784383513
186,3453143614.032842,0.005176645632048971,14214504435.736526,0.009294965534941284
187,4429176714.617263,0.005859468461063348,19407348079.90419,0.012055168723958933
188,2911660632.279579,0.004814793424974931,15415405831.66467,0.009972762530242017
189,2070428848.343579,0.004059128035055964,13827257051.720558,0.00950652543462798
190,2055197431.215158,0.004061976567302879,14132140763.720558,0.009475598580198374
191,2442782925.662316,0.004416807302126759,13742519598.499002,0.00925883194598966
192,2088184926.3157895,0.004069282081370291,16067043961.612774,0.010455322647076881
193,2062627520.1886315,0.004084812949558622,15579104176.287426,0.010108013839986985
194,2024555962.2602105,0.004007798225079712,15491621704.047905,0.010134067107549685
195,2962460402.9574738,0.0048337033883129295,20254606315.56088,0.01190311326357181
196,2713409965.541053,0.004544772659477434,14560572749.157684,0.009699340941321232
197,2913525822.733474,0.004825332094572092,13766979608.526947,0.009359861396907452
198,3117269317.9553685,0.004866750682655133,18529642949.748505,0.011838572475308192
199,2367877023.151158,0.004259935409320813,15296048440.718563,0.010134159788087814
200,2384299199.2185264,0.004367647159060365,14284566793.708582,0.009667362305828316
201,1828194532.4058948,0.0037928532789412296,13616217004.1996,0.00917205783518072
202,1960549931.9242105,0.003998383211266054,14695413518.818363,0.009797440023866004
203,1856358935.9023159,0.003812278895982002,14283695200.063871,0.009519161528232926
204,3844448087.767579,0.005624490965255781,14860595028.311377,0.009818860337123305
205,2151911587.9477897,0.004106492018229083,13935300802.171658,0.00972603672851405
206,1353579734.2854736,0.0032879353172488904,13741815219.353292,0.009359424878023341
207,1978582895.8854737,0.0039183537615953305,15246034890.858284,0.010204475153676288
208,3002163673.088,0.004879897597588991,14466077362.842316,0.009902492890547135
209,2236724325.8610525,0.004164884048661119,14498008609.72455,0.009713779698068392
210,2397293211.162947,0.0043740292372868245,13359804409.868263,0.009143472366600099
211,1371277905.8661053,0.003282829257414529,13963307621.173653,0.009707030600416446
212,1507393585.8526316,0.003486687126716501,14032317863.08982,0.009507998383553798
213,2116695625.9974737,0.004133225848996325,13092175361.021955,0.009193579130945448
214,1794469398.743579,0.003761896515951345,13686773388.007984,0.009343283585534838
215,1987429803.4930527,0.003954893974489287,14309057709.732534,0.009453298851193306
216,1850639236.904421,0.003827845117763469,15605190414.818363,0.010215521646949822
217,3077302248.501895,0.004806640570100985,15190222063.137724,0.009892399487886838
218,2520834380.4766316,0.004317907294748645,14432840415.808384,0.009422529672835758
219,2243550909.817263,0.0041247825328456725,16245929959.473053,0.010412859722986787
220,1732552236.7056842,0.0037047799647246535,16150211177.261477,0.010298585268239418
221,1398786564.311579,0.00331327546466338,13815385280.127745,0.009260868081105446
222,1268974665.0273683,0.0032145831855504136,13605130493.44511,0.009240421561334661
223,2175700763.378526,0.004190558175017175,13893471270.834332,0.009398851809491536
224,1536180557.7162106,0.003505272867844293,14694564847.648703,0.009811266673033585
225,2096560734.3157895,0.004097585583595853,13730558479.329342,0.009394255727009027
226,1649172052.776421,0.003610274173417374,13794417584.287426,0.00920961740354221
227,1879764895.0433683,0.003817317041715509,12901209613.285429,0.009092223547964158
228,1641383749.0930526,0.0035938271960537687,15127813935.520958,0.010042953933263848
229,2300658233.128421,0.004235467236881193,14168556439.760479,0.009531596115978059
230,1764060227.152842,0.0037602300601766296,15004836350.978045,0.010067874078681607
231,1450396771.9477894,0.0033595275524023333,13927677342.914171,0.009305417675249828
232,2291883829.625263,0.0042110589260333465,14421090913.085829,0.009696566639189235
233,1180204895.6092632,0.003040243133706482,13671946109.189621,0.009327551476404577
234,1406229208.2256842,0.0033142946071334574,13843067742.530937,0.009520454752350044
235,1296203086.7402105,0.0032537131579102653,13485268897.98004,0.009257307761309747
236,1209186995.3616843,0.00309604522193733,13442546195.417166,0.009236073798078025
237,1890815593.3103158,0.003862548593823847,13878771736.526947,0.009329357113830462
238,1716811301.807158,0.0036294545752829626,13931178233.357285,0.00929891615882962
239,1738720405.9890525,0.003711493645059435,14860267708.03992,0.009845070936856512
240,1513677934.295579,0.003496065189179621,13252236813.285429,0.009075987879595833
241,1439820404.736,0.003424356187056554,13314048523.241516,0.00911754069333067
242,1643032657.8122106,0.0035382622544114528,13837928946.714571,0.00943932539510156
243,1126908391.208421,0.0029779328474480856,14523435059.097805,0.00983982892175337
244,1470272464.7343159,0.003474512887334353,13317642452.566866,0.009217245474517227
245,1394980021.6252632,0.003316414447011132,14905685106.459082,0.00986472217964674
246,1791446823.4778948,0.003791622097456926,13936448820.63074,0.009455528231096006
247,1743121188.0825262,0.003703079219809488,14694826989.60479,0.009658340370271377
248,1256756972.4901052,0.0031824018820924196,13583253618.459082,0.00933688840161481
249,1097797562.2602105,0.0029449793543470533,13650503512.399202,0.009293671673212104
250,1570922658.1153684,0.003544128602076518,13198274799.137724,0.009044687929163554
251,1433840760.7242105,0.0033659793950225176,12850427965.317366,0.009238049951186794
252,1558209045.7465262,0.003504727946986493,13552900880.862276,0.009308899005506924
253,1398213018.0850527,0.0033551703340520983,13470074875.912176,0.009242032227030177
254,1150378406.5347369,0.0030042976810547867,13640005991.728542,0.009340771473944187
255,1453633231.8181052,0.003454997574028216,13967006542.17964,0.009562347006208883
256,1175512702.9221053,0.003088157015999681,12748334114.746508,0.008976980339282167
257,1169051924.3722105,0.0031026877391299133,12942284358.51497,0.009054056632735891
258,1336547441.664,0.0032678551773883797,14515150218.47505,0.009688668635240691
259,1084479052.503579,0.002950102494343331,13029000602.826347,0.008893074447330005
260,1960395456.080842,0.003908870355275117,13515493331.033932,0.00927287639451479
261,1632208653.648842,0.0035509727613412235,13670790002.97006,0.009370840043052584
262,1102253513.4585264,0.0029680662313966376,14368286166.0998,0.009645943764128728
263,1045541088.2829474,0.002889549409774573,13797673695.808384,0.009360806999761544
264,1262909681.0442104,0.003150336602702737,13522838270.467066,0.00913539815865115
265,937816865.0374737,0.0026891347613969916,13465018519.2495,0.00924959525599808
266,2439695223.727158,0.00424021803038685,13070804243.928144,0.009077791260283984
267,1071881885.1301053,0.002909615432157328,12951308521.005987,0.009057080296951972
268,857579434.199579,0.002657363067626169,13231604619.497005,0.009113843584369995
269,728411918.120421,0.002419747647388201,13596994443.497005,0.009313009792712039
270,988221809.664,0.002806828757159804,14001697986.171658,0.009684761517686758
271,1110390979.2606316,0.0029796926114512116,13285196614.003992,0.00912630283264462
272,1162560259.9343157,0.0030039228904796276,13995380662.41916,0.009604698478313025
273,1156091810.8429475,0.0029882479135535265,13831138240.638723,0.009341163648117682
274,1184489008.0336843,0.003082370833444752,14477099915.497005,0.009595580001225967
275,1050126421.9621053,0.002915292499881042,14536509378.682634,0.009599019353186893
276,1250676469.9351578,0.0031968368471256997,13240515953.948103,0.009020160668029518
277,942293502.0463158,0.0027477605508542374,13443677026.618763,0.009283499494789842
278,1339098578.1894736,0.003258854334193625,13425481509.301397,0.00915402588722651
279,1272779405.2446315,0.0032522316886308164,13036848502.035929,0.008894583736425507
280,1085897476.096,0.0029509659063463147,13243747084.77445,0.009120006235074736
281,796045149.8576843,0.002506160907055202,14523424768.0,0.009965007585620213
282,980969724.8202106,0.0027188441001467015,13509443994.826347,0.009252864188940344
283,1124956692.5338948,0.0029598189690395404,13328888891.273453,0.009315573547161863
284,1019686270.7873684,0.0028712537432775687,13876925756.806387,0.009449846596418027
285,735412077.824,0.002420063230846273,13271166276.982037,0.009076554040069471
286,894211218.0008421,0.002668566948489139,14254940021.013971,0.009574900143324377
287,873261856.6871579,0.0026116504209410204,13641880876.45509,0.009236140894199798
288,901251425.6572632,0.00271057795772427,12988507620.407187,0.009042991596662595
289,1149653985.360842,0.0030705647816587434,13243250181.109781,0.008963309646678899
290,1172533839.952842,0.0030387852032129703,14348513508.918163,0.009484180065239975
291,774410074.839579,0.002475317933008467,13443858178.55489,0.009127299983552592
292,806899762.4589474,0.0025355402622371914,12788221694.467066,0.008916952857327557
293,817734240.7949474,0.002554322937601491,15074694787.832335,0.010373847207757171
294,1144594525.911579,0.003015224936565286,14048204996.215569,0.009568783517800524
295,859674446.7402105,0.0026330024429449908,14004259085.796408,0.009428486439906908
296,855477533.3726315,0.002624658251377313,12761158666.21956,0.008965781611016767
297,1132258055.2757895,0.002977741083718444,13305035998.786427,0.009194045528367965
298,1497696126.5987368,0.0034156364822073987,14971919668.63074,0.00994976394309731
299,1126253700.392421,0.002980338401406219,13380752475.976048,0.008946573385920472
300,790998530.856421,0.0025333350809585106,13584989631.616766,0.00897845564904565
301,742532544.3503158,0.0023939650302850887,13632152856.015968,0.009445156260744898
302,712421072.8825263,0.00238065933700847,14043581601.469063,0.009614558778926283
303,690837449.6471579,0.0023353693278408364,13271603755.94411,0.009076020797480365
304,1030787145.7549474,0.0028772023992710994,13377639442.39521,0.009151667166880505
305,861989408.6332631,0.002609733453804725,13656137470.467066,0.009246067824344078
306,968535399.9898947,0.0028017410208520136,13116291905.916168,0.009000089493563432
307,818445640.5962105,0.002561631856976371,13700203575.185629,0.009350776393524187
308,683424857.2496842,0.002341966754805885,13831975271.728542,0.009660949001085021
309,755508908.247579,0.002461651660501957,13663048865.469063,0.009478560342135544
310,816079743.0837895,0.002542783217014451,13223266242.682634,0.009125023260489553
311,703713348.0825263,0.002382335721956272,13121872062.083832,0.008983158584527983
312,1020162798.2147368,0.002758089499057908,13651382286.307384,0.009367739681355253
313,810700229.1738948,0.002579798575000543,13310326546.906187,0.009076678407882264
314,705495283.6042105,0.0023883436156534833,13596896773.109781,0.009224198423995229
315,710848583.127579,0.002387811497245964,13489870819.38523,0.009324334777460365
316,775357499.0955789,0.0025080522825255205,13101184463.968063,0.009099752140303929
317,660020214.6762105,0.0023196291066706182,13643978523.081837,0.009115317492502297
318,792037912.2526315,0.0025111576113849877,13528650872.590818,0.009155091188268034
319,1344713504.7141054,0.0031858962266460844,13358736198.003992,0.009119315080329806
320,930066826.0378947,0.002706577891630954,13610817760.83034,0.009228805572671923
321,638982040.1717895,0.0022673211157517997,13604795622.962076,0.009162910457351013
322,502681977.2766316,0.002028388423355002,13084297171.033932,0.008919284530281426
323,659649834.6846316,0.002338776097289826,12892133739.816368,0.009049414885704389
324,641222775.4846315,0.0022719557574509006,14350160967.536926,0.009526124238938153
325,581131035.8366315,0.0021687638038083126,13492066500.215569,0.00920287382690433
326,954656490.4421053,0.002721660453826189,13568226788.407187,0.00923129116480579
327,741581317.9014736,0.0024412853845248096,13305631427.193613,0.00904834418819693
328,803201160.2189474,0.002540431060191048,13679252044.646708,0.009170014214164721
329,657282279.0467368,0.002251822082717952,13835313528.07984,0.009363067762074833
330,707099136.6467369,0.0023823600558466034,13878944618.79441,0.009517205812170833
331,802954423.6597894,0.0025376342067396957,12960368819.864271,0.009018620254914322
332,744665285.0661052,0.0024768706647385107,13416018467.768463,0.009255906882995142
333,699689801.216,0.0023858588447696286,13529777010.97006,0.009249731037624463
334,1017661240.2122105,0.0028823233070342166,14072600449.277445,0.009392786064666665
335,586239147.5469474,0.0021140739282495095,13705201819.337326,0.009444473519504903
336,624129994.5094737,0.0022081047430830567,13219140041.836327,0.009065077140064772
337,886286940.9549474,0.0026122842112948235,13051818110.722555,0.0089264842188971
338,626792670.8547368,0.0022271692133263537,13483508333.349302,0.009112356024275639
339,543551567.8450526,0.00210879693920479,12996514944.766466,0.009064384161712166
340,529395063.08042103,0.002070726840021579,12605533558.035929,0.008927829710472963
341,604542154.6711578,0.0021912971593341544,13294272937.133732,0.009096583706547996
342,558171298.9507369,0.0021026738434539814,13148919857.053892,0.009040647952216947
343,757209607.8686316,0.0024373248014599087,13325520397.285429,0.009205202454935292
344,688695211.1157895,0.002269261333993391,13359818666.15569,0.009153801460793157
345,738421189.5781052,0.0024254269246011973,13362878934.0998,0.009087519835450216
346,1071514598.1709473,0.002845934203433755,13723493974.866268,0.009194726012870223
347,480102761.76842105,0.001961913451454357,13183361886.530937,0.009012932461610217
348,425799853.78357893,0.0018672590433668934,13403472436.11976,0.009250660649985967
349,503919797.5174737,0.002029226554312596,13394839159.568863,0.009146608146439174
350,802028765.5747368,0.0025576263244606948,13181864594.13972,0.009033596830929587
351,393864411.904,0.0017782720766079268,12866518774.291418,0.008973212091032854
352,465451866.0446316,0.0019392280927614163,13405756193.213573,0.009187576548752194
353,655779685.591579,0.002269283301736179,14270475045.301397,0.009786051599505895
354,709427107.7322105,0.002410446684170318,13565231929.740519,0.009044644104952584
355,655912631.8618947,0.0022923510712816527,13180827737.932137,0.009085874998953171
356,557798660.4597895,0.0021135568047726625,13008740605.44511,0.009039038621231229
357,517324138.59705263,0.002066616496659423,13049116271.393213,0.008951330501697734
358,605042487.9427369,0.0021839982170219485,13033404951.50499,0.009059695861564425
359,590055966.3427368,0.0021540236126043294,13000325966.17964,0.009035141484257941
360,825563983.2791579,0.002612337245752937,13788614173.636726,0.009577140180457256
361,616732464.1953684,0.0021803696633953796,13334947502.754492,0.00897478321920374
362,506425642.36126316,0.0020105914584312,13329592418.107784,0.009229290276810437
363,435575434.5903158,0.0018880822081608992,12812856362.922155,0.008936436274302696
364,795006485.3827368,0.002531937422426908,13025114929.56487,0.008959997690723328
365,500513122.8968421,0.002007453691900561,13163980665.101797,0.00905193039913199
366,564346128.5187368,0.002127112764227939,12958155671.760479,0.008967044099629996
367,587086365.1031579,0.002143202716631717,12827725881.229542,0.00894345807287091
368,525639511.8753684,0.0020431662494022596,13693364767.68064,0.009298534764575506
369,590836968.3671579,0.002130336720741501,12841866753.021955,0.008929260703409742
370,354932385.07789475,0.001682962498431535,12989517697.277445,0.009015277663836935
371,497236868.64842105,0.0020221851941100077,12784204577.213573,0.008938851810902535
372,722186559.8383158,0.002374681595614866,13505287145.516966,0.009150764856584177
373,521752651.96463156,0.0020416670328888453,13030571643.656687,0.009045556148592227
374,485442944.9970526,0.001987035778694247,13182487668.502995,0.009052085485718326
375,667011506.647579,0.0022646574200572154,13939808852.822355,0.00933295445044538
376,535273769.9031579,0.0020714476148744948,13239981327.840319,0.009031822124194957
377,733273294.08,0.0024119903229569135,13390106370.55489,0.009196577777717999
378,504608895.17810524,0.002011608506209756,13143030520.33533,0.009015691451758087
379,343835503.5755789,0.0016523892155015155,13446381890.938124,0.009100795247612481
380,525637335.78105265,0.0020943735304631687,13220595716.087824,0.009136779600021962
381,538560390.7368422,0.002058126593890943,13249383323.848303,0.009157843802295283
382,763801893.1469474,0.002499175341897889,13046243544.65469,0.008900424168108705
383,416388990.2349474,0.001853666665326608,13410238672.479042,0.009067828789308757
384,394507899.54694736,0.0018187661982680622,12819170256.99002,0.00897622782320617
385,319553108.7225263,0.0016141876371479349,13108639204.407187,0.008995714998932298
386,424798714.2063158,0.0018886841413025793,13391929462.546906,0.009125211895136777
387,604172717.4602106,0.0021648784581767885,13371853797.429142,0.009094790919886497
388,680201367.1208421,0.002297214163173186,13753709030.451097,0.009482706049289889
389,714243953.6774737,0.0023852031277982813,13170984771.96008,0.009257281451911745
390,459649217.6168421,0.0018680961498696554,13187590377.005987,0.009134106163284974
391,411973126.62905264,0.0017930143838258165,13131990332.806387,0.009069589922156281
392,468131406.28210527,0.0019374650358957679,13100038928.862276,0.009073434432897858
393,391744083.84673685,0.0017693981779739261,13117558252.582834,0.009124787310565898
394,359827867.33810526,0.00167419244897993,13674822298.315369,0.009388825434172701
395,621787550.3696842,0.0022632295469704427,13770762125.540918,0.009271070403892717
396,570810825.8896842,0.0020931888090838725,13192881145.868263,0.00889999804806388
397,511535418.74526316,0.0020463584044850187,12744122453.84431,0.008852083747184086
398,404743218.87663156,0.0017942878203956705,13154609147.912176,0.009036149513608442
399,517933407.8248421,0.0019394605304849776,12846032201.06986,0.008934329477642586
400,493682452.18357897,0.0019983577637099907,12915799131.976048,0.008961426127635076
